"","ID","Target","PAM Index"
"1","GATAACGCTGCACTTGCAGC","CCCAGCTGTTGGAGATAACGCTGCACTTGCAGCAGGCCATGACGGAGCACTTCGTGCAGC",33
"2","GCATATTAAGCGACTCAGAA","GGTTGATCATCCGGCATATTAAGCGACTCAGAAGGGCTTCATGCTCACAGATGGCCTCAG",33
"3","AACCGCGACCTATCCATCCG","AGCTGCCTTTGTCAACCGCGACCTATCCATCCGTGGGATTGACATCTCTGTCTTTTATCA",33
"4","GAGCCCACTGACTTACCGCC","GAGAGTGAAAGGAGAGCCCACTGACTTACCGCCTGGATCACACAGAACCATGGCCAGGGC",33
"5","CTCAGGAGTCTCCACATGGA","CCACGTACCGCTCCTCAGGAGTCTCCACATGGAAGGTGCGTTCGATGACAGTGGTCCACT",33
"6","GCGTGTGTTCTCCGAGGACC","ACCTGTCCCGGGAGCGTGTGTTCTCCGAGGACCGGGCCCGCTTCTATGGCGCTGAGATTG",33
"7","CAGCCCTGCTTTACAGGACG","GTGGCAGCTCACCCAGCCCTGCTTTACAGGACGAGGTGGCCCACACACTCACCGAGAACC",33
"8","GGCTCACCCAGTGACAACTC","GGACTTCCGGTCGGGCTCACCCAGTGACAACTCAGGGGCTGAAGAGATGGAGGTGTCCCT",33
"9","GATCGGTCACAGCTGTGAAC","CAGAATGTGCTGGGATCGGTCACAGCTGTGAACCGGGGCCTCTTGGGCTCAGGAGGGCTG",33
"10","CACACCACTCTTTGGGGTCG","TCAGGCTGCTGCCCACACCACTCTTTGGGGTCGTGGAACAGATGCTCTTCAAGGTGCTTC",33
"11","CTTCAAGGTGCTTCCGGGAC","TGGAACAGATGCTCTTCAAGGTGCTTCCGGGACTGGTGAGTGTGCGGGCCGTGTGCCAGC",33
"12","ACGCGAACGGCGAGATCCAG","CTCACCATCGGCGACGCGAACGGCGAGATCCAGCGGCACGCGGAGCAGCAGGCGCTGCGC",33
"13","GGGCCACGTACCGTTGGGTG","CGGAATGGAAGGAGGGCCACGTACCGTTGGGTGTGGCGAACTGGATGAGGACGCTGTTGC",33
"14","AGCACGGAAAATCTACGCGG","CCGCCCAAGCTGGAGCACGGAAAATCTACGCGGTGGAGGCCAGCACCATGGCCCAGCACG",33
"15","TGACCACGATGCGGTCCGTC","ACCTTGCCCGGGATGACCACGATGCGGTCCGTCAGGTTGTTACTCTTCACCAAGACCTGC",33
"16","ACATTTGAAGTAGGACACCG","CCTCCTTCTGCACACATTTGAAGTAGGACACCGAGGGCGCGCAGGTCTCCTCCGCCTTCA",33
"17","TTTTCACGGGCTCCAGCGAC","TGCAGGCGGCTCTTTTTCACGGGCTCCAGCGACAGGAAGCGGTCCAGGTAGTTCATGGCC",33
"18","GTTCGTGGCCTCTAAGATGA","GGGCCACTTGCATGTTCGTGGCCTCTAAGATGAAGGAGACCATCCCCCTGACGGCCGAGA",33
"19","GCTCTCGTTTCTGACCTATG","AGTGCTGCTCCCAGCTCTCGTTTCTGACCTATGTGGATGGCTGGGTTGTAGAAATCTCTG",33
"20","TCTCGTTAGAGCCTGTGCAC","TATGCTTTGGCCCTCTCGTTAGAGCCTGTGCACTGGACCTGCTTCATGCCACAGATGCCA",33
"21","TGAATTGCATCCGACAAGCC","GAAGGGCTCTGGATGAATTGCATCCGACAAGCCAGGGTCCGGTTGCAATGCAAGTTCTAT",33
"22","AGGTCGCGTTTACATAAACA","AGAAGAAAAACGGAGGTCGCGTTTACATAAACAAGGCATCTTGGGGAACCAGCCAGCCTT",33
"23","AGCTCTAAAGGATCGCCGCA","CACCTGATCCCGCAGCTCTAAAGGATCGCCGCATGGAAAACCTGGTAGCCTATGCTAAGA",33
"24","AGCGGCTCTAGTATCAACCC","TCTACGAGGAGGCAGCGGCTCTAGTATCAACCCAGGAATAGGAAATGTGAGCGCCAGCAG",33
"25","ACGGCTTGAGGGGTTGACCC","TGGGCGTCGGCGGACGGCTTGAGGGGTTGACCCAGGACCTCCGACAGCTGCAGGAGAGCG",33
"26","GTACCTACAGCCACTGGATG","TCCTGTGTGGCCGGTACCTACAGCCACTGGATGTGGTTCTTGGACTTCTTGGCAATGAGC",33
"27","ACGGTGTCGTCGACCTGAAC","AGCCACTCGGCTGACGGTGTCGTCGACCTGAACTGGGCTGCCGAGGTGCTGAAGGTGCAG",33
"28","AGTACCTGGCCGAGAGCAGT","GAAACTGACCATCAGTACCTGGCCGAGAGCAGTGGGCCAGCTCGGGGCAGAGGCCGCCAT",33
"29","CCACGGATCATACTTGGGTC","GTTTGGCACACTGCCACGGATCATACTTGGGTCAGGTAGAGGGCCATCTAGAGTAAAAAA",33
"30","GCCGGGGTACAATAGGGGGC","AGAGGAGGGGTTTGCCGGGGTACAATAGGGGGCTGGGCCATGCTCATCTGGCCAAATTGA",33
"31","CATTGGCCTGTTCCCGGCGC","TGCCTCACTTCCCCATTGGCCTGTTCCCGGCGCTGGCACTTGTGAGCATGCAAAAGGAGA",33
"32","TCGGGGTAGTTGTACACGGC","GTAGGCGGCGCCCTCGGGGTAGTTGTACACGGCGGGCTTGCTGCTGTCCAGGTACACCTC",33
"33","CGCGGCGTTGAACTCGTAGG","CGTTGGCGGCGGCCGCGGCGTTGAACTCGTAGGCGGCGCCCTCGGGGTAGTTGTACACGG",33
"34","TCGCGCACCGTGTAGCCGCT","CGGCGGGCCGGCCTCGCGCACCGTGTAGCCGCTGGGCTCGTTCTCCAGGTAGTAGGGCAC",33
"35","GTAGCATTTACGGAGCCGGC","TCATTCCCACTTCGTAGCATTTACGGAGCCGGCAGGCCTGGCAGCTCTTCCTCCTGTTTT",33
"36","GCGAGGTCATCCTGTCAGAC","TTCTTCAGAGATGGCGAGGTCATCCTGTCAGACTGGAGCACGTACCCGGAACTCCAGCTC",33
"37","TTCCATTTCTAATAAAAGCT","ATGGAAACATTCTTTCCATTTCTAATAAAAGCTGGGATCTTCTTATCCCACAAGCAAGTT",33
"38","GCTGTGAAATATACTTGGAA","AGAGAAATTGACTGCTGTGAAATATACTTGGAATGGAAACATTCTTTCCATTTCTAATAA",33
"39","GCCTGCAGGATTAAGGAGTC","CACAGAATATGGTGCCTGCAGGATTAAGGAGTCTGGAAAAGACACAGAGAGGAGATCGTC",33
"40","GGTTACTTCGTGGGGAGCCC","AGCAAGCGCACAGGGTTACTTCGTGGGGAGCCCCGGGCCTGGCATCTGTACAGTCCAGAT",33
"41","GGCGTACGCGCCGTCCAACC","GCATGAGCCCCATGGCGTACGCGCCGTCCAACCTGGGCCGCAGCCGCGCGGGCGGCGGCG",33
"42","GGTTCATGGCGGCCGCGTAG","GGGCTCATGCACGGGTTCATGGCGGCCGCGTAGGGGCCCAGGCCATTCATGGAGGCCGCC",33
"43","CGGCGTGACGGCCATGGGTA","GCATGACTGCGGCCGGCGTGACGGCCATGGGTACGGCGCTGAGCCCGAGCGGCATGGGCG",33
"44","CCCTAGGCCCGGGTTGGCAT","GACTCAGGCCGGCCCCTAGGCCCGGGTTGGCATAGGACATGTTGAAGGACGCCGGGGTCA",33
"45","CATGTTGCCGCTCGTAGTCA","AGGACGCCGGGGTCATGTTGCCGCTCGTAGTCATGGTGTTCATGGTCATGTAGGTGTTCA",33
"46","ACCGAGTTTCCGTAGTAGGG","CACCGTGGCCCTGACCGAGTTTCCGTAGTAGGGCGGGACGTGGTTGCCTTGACCGTCGAT",33
"47","TGCTTCATGGATCCCTACCC","TGCCGCCCGCCTCTGCTTCATGGATCCCTACCCTGGCTGGACGGCGGCAAAGCCCTGGGC",33
"48","CTGGACGGCGGCAAAGCCCT","ATCCCTACCCTGGCTGGACGGCGGCAAAGCCCTGGGCAGCCACCACACCGCCTCCCCCTG",33
"49","GGCGTGGCCCCCCGACAAGG","AGAGGTGCGGGCTGGCGTGGCCCCCCGACAAGGAGGAGGACGAGGCCGGGGGGTAGACGG",33
"50","GGAGACGTCCTTCGGCGGGG","GCGATGGGTCCGGGGAGACGTCCTTCGGCGGGGTGGGCGGGAAGGTGAAGAGGTGCGGGC",33
"51","CCCTTCGCAGGACAAAACCA","ACCTGAGTGGGGTCCCTTCGCAGGACAAAACCAGGGTGGAGCCGCCGCAGTACATGATTG",33
"52","CACGGAAAGCATCCGCCTGG","AGCTGCTGGCCTCCACGGAAAGCATCCGCCTGGAGGTGGGCGTCACGGGCGAGTCGGGCG",33
"53","GGCTGACAAGTACCTAAAGC","CTCCAGGCTGCCCGGCTGACAAGTACCTAAAGCAGGTAGACTTCAGCCGCTATGACTTCT",33
"54","CTCTGAAGCCCGACGGCCGC","AGGACAGCGGCCTCTCTGAAGCCCGACGGCCGCTGGGTGCGCGTGGCCGCCAGGTCCTCG",33
"55","GATGCGAGGGTCAGCCACGC","TGGACACCAGGAAGATGCGAGGGTCAGCCACGCCGGCCTCCCGCAGCCGCTCGGCACAGT",33
"56","GTGGGAAAGTCGTAGCGGGC","GGTGGACACCAGCGTGGGAAAGTCGTAGCGGGCCGGCGAGAGGTTGGACACCAGGAAGAT",33
"57","CCCGAGCATATTTCCATGCG","GGTCTTGTTGCTCCCCGAGCATATTTCCATGCGGGGTGAGCCGGAAGAGGAGTTCTGCCT",33
"58","GGGAACGGGGGGTCTACCAT","GTTGCAAATCACAGGGAACGGGGGGTCTACCATTGGCTCGAGTCCGACCCCTCCTCATCA",33
"59","GAATAGCCCTCATCGTCACA","TCAGCTTTCCTCCGAATAGCCCTCATCGTCACAGGGATGGACATACATCTGCAAAATAAA",33
"60","TAAGCTTGTGCGTCAAGTCA","GGAGTGAAACCATTAAGCTTGTGCGTCAAGTCATGGTAAGGATTGTGGTGAAGTGGGTAA",33
"61","CGTACTGCACGTGTCGTGGC","GGAAAATGGGTGGCGTACTGCACGTGTCGTGGCTGGTCGTAAAGAACCCCAAGGGTCCCT",33
"62","GGCAGAAGCGGCGACGCAAC","GGTGGGGAGGATGGGCAGAAGCGGCGACGCAACCGGCCTGAAGCCTTCCCCACTGCTGAA",33
"63","ACTCACGCAACTAGCCAAAA","CTGGCACCAAGCCACTCACGCAACTAGCCAAAAAGGTAAGGTACTGTTTCCTGTCCTTCA",33
"64","CATCGGAATCAAATATGCGC","TGCAACGTGGAGCCATCGGAATCAAATATGCGCTGGGCACCTGAGTTCATGATCGACACT",33
"65","CCCCATACCTATCGGGATCA","CTCACTCAGTACACCCCATACCTATCGGGATCATGGTGCCCCACACAGACGTGCATAAGG",33
"66","CTTGAGACGGAACATCTCAA","AATCCACACAGGACTTGAGACGGAACATCTCAAAGGCATACAGAATGGCTCCTTTAGCAT",33
"67","ATAGGGCTTGAAATCCACAC","AGCTCTCTCCTTCATAGGGCTTGAAATCCACACAGGACTTGAGACGGAACATCTCAAAGG",33
"68","ACGAGCAGTCAAGGACGGAC","TTGGGATTTTACCACGAGCAGTCAAGGACGGACCGGGATGATTATGTGAACATCTGGTGG",33
"69","CCGATAATGGAGTTAAACTC","ATCCAGGCGCTGTCCGATAATGGAGTTAAACTCAGGGATCTTGGCTGTGATGGTGGGAAC",33
"70","AAAGAATCCGAGACTCCAGT","TTCCTCTTTGGGTAAAGAATCCGAGACTCCAGTAGGGCTGCCTCTTCCGCGGACCCCGAG",33
"71","GGTCTCGGAAGATCCGCATC","TGAGAGAGTGACTGGTCTCGGAAGATCCGCATCAGGGCCACCATGGACACAGCTGGGTAG",33
"72","CCGCACAGTGGCGAACAAAT","TTCAGGAAATGATCCGCACAGTGGCGAACAAATTGGGTCAGAGAGTGGCCTGGATAGAAA",33
"73","CTTGTTGATCCTTAACGAGC","GGATCCATGGAGCCTTGTTGATCCTTAACGAGCTGGTCCGAATCAGCAGCATGGAGGGAG",33
"74","AATCGGGATGATCGGATCCA","AGAGAAGGGCATGAATCGGGATGATCGGATCCATGGAGCCTTGTTGATCCTTAACGAGCT",33
"75","CACTTTTACCGCTGAGTACG","CCATGGCAGGGGACACTTTTACCGCTGAGTACGTGGAATTTGAGGTGAAGCGAGCCCTGG",33
"76","TCCTCGTCGCAGTAGAAATA","GTAGAAGTTCTCCTCCTCGTCGCAGTAGAAATACGGCTGCACCGAGTCGTAGTCGAGGTC",33
"77","GGTGTGACCGCAACGTAGGA","CCGAAGGGAGAAGGGTGTGACCGCAACGTAGGAGGGCGAGCAGAGCCCGGAGCGGCGGCT",33
"78","GCCGTCGTTGTCTCCCCGAA","AGCTCCCGCCACCGCCGTCGTTGTCTCCCCGAAGGGAGAAGGGTGTGACCGCAACGTAGG",33
"79","GTCTTGCGAGGCGCAGGACT","AGAAGGCGCTGGAGTCTTGCGAGGCGCAGGACTTGGGCGAGCTGCTGTCGTTGAGAGGGT",33
"80","CGTCTCGATTCACCACAAAT","AATACAATGTTTCCGTCTCGATTCACCACAAATAGGAAACCATCCAATGCCTAAAATAGG",33
"81","GTGGCACGCCGCATTACTAC","TTGTATGATCTGTGTGGCACGCCGCATTACTACAGGAGAAAGAACATTTCCATCAAACCC",33
"82","CCTGTAACAAATGATCGACA","ACTCTTCCGAAATCCTGTAACAAATGATCGACATGGCTTTGTCTCAACCCACTTCCTTCA",33
"83","GGGATTAGACCACCTATGGC","TCCTGTTGGACAAGGGATTAGACCACCTATGGCTGGATGCAACAGTTCGGTAGGCGGCAT",33
"84","ACCCCGGTCATCAGAAGAAC","TCAAGGAGGAATGACCCCGGTCATCAGAAGAACAGGTAAGTAACTGCAGTAATTTTTTAT",33
"85","ATCATGTTTGGAACCCCGCA","CTGCACAGTCAACATCATGTTTGGAACCCCGCAAGGTACAGAGTCAGAATACCGGAGGTA",33
"86","AGAGATAGCTTTGATGGACG","TTTTGACCGTTACAGAGATAGCTTTGATGGACGGGGCCCTCCAGGCCCAGAAAGTCAGTC",33
"87","TGCGCGACGTTCGGGACGTG","GACAGCAGGAGTGTGCGCGACGTTCGGGACGTGAGGGATCTTAGAGACTTTCGTGATCTA",33
"88","TACCTTAAAGGAGTAGTAGA","CAGGCAAGAAACTTACCTTAAAGGAGTAGTAGAAGGAACCCCATTCCTTTCCTTCCACCA",33
"89","CCTGCAAATAGCGGACCACT","AAGGTGTGACATACCTGCAAATAGCGGACCACTCGGCAAACCAGGTCAGGTGCCGTGAAG",33
"90","GGGTCCTCATTGTGATCGCC","GAAAAGCAAGCCAGGGTCCTCATTGTGATCGCCTGGAGCCTGTCTTTTCTGTTCTCCATT",33
"91","TTCCCAAATATGATCAGGGT","GGACAGTGTCCTCTTCCCAAATATGATCAGGGTGGGAATGGAGAACAGAAAAGACAGGCT",33
"92","TACATCCTTGACTTGCACAT","GCTCAAAGTTGGGTACATCCTTGACTTGCACATGGGGCACTTTCCAGTTGAGAGACAGGC",33
"93","TGGCTGTGACCAACGCTGGA","GAAACTGGGATGCTGGCTGTGACCAACGCTGGAAGGGGGGCCTGTCTCTCAACTGGAAAG",33
"94","CAGACCTACCTCGAGGCTGG","ACCATCACAGGGCCAGACCTACCTCGAGGCTGGGGGGTATGAGACATATGAGCCCCAGGA",33
"95","CGAGGAACCGTAGATGCGGC","TGAGCGCCCCAGACGAGGAACCGTAGATGCGGCGGGCGCCCTGGAGGAGGCGCGGGGCTC",33
"96","GGACAGGGTTGTGTCGAAAT","TGCTAAAGCTGTGGGACAGGGTTGTGTCGAAATTGGATCACAGGTAACTTGAATTCATTG",33
"97","TGTTTGTAGCGATACAAACT","TTTTCTTTTTGTTTGTTTGTAGCGATACAAACTTGGAGTTCGCTTGTATTACCGAGTAAT",33
"98","TCGCTTGTATTACCGAGTAA","ACAAACTTGGAGTTCGCTTGTATTACCGAGTAATGGAATCCATGCTTAAATCAGTAAGTT",33
"99","GTGAACTACTTACGAACTGC","AAAATAACATTCTGTGAACTACTTACGAACTGCTGGGTTGTGTCAAATATATAAGTTCAC",33
"100","GCGCGGCACATCATTGAGTA","CTCTGAGGTGGACGCGCGGCACATCATTGAGTAAGGGGTCCCGACACAGGTTGTTCTGTG",33
"101","GAGGTACGTGATGAGCGCGA","GTTTGTGCTCCATGAGGTACGTGATGAGCGCGATGGTCTGGATGGTCTTCCCCAGGCCCA",33
"102","GGTCCTGTTGCGGACACCGA","AGGGCCAGGGCCGGGTCCTGTTGCGGACACCGAGGGTGGAGGTAGCGTTGGCATCTGCTG",33
"103","TGGTTCGCAAATCCCCGGCC","TCAATGGTCGCTTTGGTTCGCAAATCCCCGGCCAGGGACCCGGGAAGGTTTTCAAGTTCC",33
"104","CTCCGTGTTGGCATGGTACG","TCTTCTGCTCCCGCTCCGTGTTGGCATGGTACGTGGCCACTGCCTTGGTCAGCTTCTGGA",33
"105","AGTATATCAAGGAGCAGCGT","CGGGACTGTATTCAGTATATCAAGGAGCAGCGTGGGGAGCCTGAGACCTTCTTGCCTCTT",33
"106","TGCTCTCCTGGCGGTCGATG","CGCTGCTGGCGGCTGCTCTCCTGGCGGTCGATGCGGGCATCCCCTAGCTGCTCCATCACC",33
"107","GATTTCATCAATACGCCGCT","TCAGCTCCTTATTGATTTCATCAATACGCCGCTTGGCCATCTCCACCTCCTCTGTCAGCT",33
"108","AAATATTGCGGCTGAACGCA","ACCATCGCAAGAAAAATATTGCGGCTGAACGCAAGGAAGCAAAGCAGGAGAAAGAAGAGG",33
"109","AAACGCCCACCTGGAAAACG","CAATAACTGTTAAAAACGCCCACCTGGAAAACGAGGAAGTTACGAGCTTTGATGAGAATG",33
"110","ACGAAGATGATTCCGGAAAT","ACACTGTTGCTTGACGAAGATGATTCCGGAAATAGGCTGGGTTTAAAACAATGCTCCTGT",33
"111","ACGCTTGCTATATCTTCAGC","AATGAAACTTGCCACGCTTGCTATATCTTCAGCAGGTGCATCAAATGGTTCTCCCAGAAC",33
"112","CTGACTCCCAGTAGACATGA","CTTGGCATGTTGGCTGACTCCCAGTAGACATGAAGGACTCTACAAACTCATAGCGAACAC",33
"113","GATGTTAGGTGGGTGCGCTA","GTGACATTTCCAGGATGTTAGGTGGGTGCGCTAAGGTGGACATTTTCTTGCTTGTGTTTA",33
"114","CGAGTAGGGGTCGGCCGACT","CTTCCCCCAGATGCGAGTAGGGGTCGGCCGACTGGGAGTAGGCCAGCTGCTGGTAGGGAG",33
"115","CTTCCCCCAGATGCGAGTAG","GCGGCGGCGTACGCTTCCCCCAGATGCGAGTAGGGGTCGGCCGACTGGGAGTAGGCCAGC",33
"116","TGTATTTAGACGTAGAGCTG","GCCACTGTCACTTTGTATTTAGACGTAGAGCTGAGGAGCGACAATCTTCCAGGGACTGAG",33
"117","AGGCATTTAAGCATTCAGGT","CCTCCCAGTAACGAGGCATTTAAGCATTCAGGTGGGGACAGTCGCCTCTGTACTTCAGCC",33
"118","GTTGATTCCACACCCCCGCC","TGTGCAGCTGTGGGTTGATTCCACACCCCCGCCCGGCACCCGCGTCCGCGCCATGGCCAT",33
"119","CAACAAGATGTTTTGCCAAC","ACTCCCCTGCCCTCAACAAGATGTTTTGCCAACTGGCCAAGACCTGCCCTGTGCAGCTGT",33
"120","CCATTGCTTGGGACGGCAAG","AGCATCAAATCATCCATTGCTTGGGACGGCAAGGGGGACTGTAGATGGGTGAAAAGAGCA",33
"121","CACTCGCGGCCCCAGACTGT","TGGAGCTCCAGGCCACTCGCGGCCCCAGACTGTAGGAGGTTGATCATCCGGCATATTAAG",33
"122","CTCAACCTTTGCATACAGGC","GGACAGGAATCAACTCAACCTTTGCATACAGGCGGGAGCTAAAGGCAAAGCCACCATAGA",33
"123","TCGCGGCCCCAGACTGTAGG","AGCTCCAGGCCACTCGCGGCCCCAGACTGTAGGAGGTTGATCATCCGGCATATTAAGCGA",33
"124","GTTCCTGACCTACTACTGCA","AAGAAGTGGCCCGGTTCCTGACCTACTACTGCAGGGCACCTACCCGACTTGACCCAGAAA",33
"125","CTCACCCAGTGACAACTCAG","ACTTCCGGTCGGGCTCACCCAGTGACAACTCAGGGGCTGAAGAGATGGAGGTGTCCCTGG",33
"126","CATGGCGTAGTAGCGGCCTG","TCTTGAGGATCTTCATGGCGTAGTAGCGGCCTGTGGCCTTCTCCTTCACCAGGATCACCT",33
"127","CATCGAACGCACCTTCCATG","AGTGGACCACTGTCATCGAACGCACCTTCCATGTGGAGACTCCTGAGGAGCGGTACGTGG",33
"128","GAGGGTTGGCTGCACAAACG","GGCTATTGTGAAGGAGGGTTGGCTGCACAAACGAGGTTAGTACCCGCTGCCAGGGCTGGG",33
"129","GCGGTTCTCGGTGAGTGTGT","AGTTCTGCAGGACGCGGTTCTCGGTGAGTGTGTGGGCCACCTCGTCCTGTAAAGCAGGGC",33
"130","CCTGACACAGCTGTGCCCCG","TAACATGTGTCTCCCTGACACAGCTGTGCCCCGTGGTGGACAGTGTGCTGGGTGTGGTGA",33
"131","CGGATTGACAAGGATGAACT","GGGCACGCTCGCTCGGATTGACAAGGATGAACTCGGCAAAGGTGAGCCCCAGGTGGGCAG",33
"132","ACGACCCCAAAGAGTGGTGT","GAGCATCTGTTCCACGACCCCAAAGAGTGGTGTGGGCAGCAGCCTGAGCAGAGGGAGACA",33
"133","CATCCGTGAAGGGTGCAAGG","ATGTAGAGCTGTTCATCCGTGAAGGGTGCAAGGTGGACGTCACCAATGGTAGGAAACATG",33
"134","GTTCATCCGTGAAGGGTGCA","TCCATGTAGAGCTGTTCATCCGTGAAGGGTGCAAGGTGGACGTCACCAATGGTAGGAAAC",33
"135","AACACCGACACGGTAGCGCA","GCGGGCGCCGGGGAACACCGACACGGTAGCGCAGGGCCCCGCGCCGCCCGGGACCGCCGA",33
"136","TGGCATCGGGGTACGCGCGG","TCGTTGAGGAGGTTGGCATCGGGGTACGCGCGGCGGATGGTTTCCACTTCGCAGCACAGG",33
"137","CGACAACTCCATCCGGCCCG","TGTGCATCTACACCGACAACTCCATCCGGCCCGAGGAGCTGCTGGTAACCACTGGACCCC",33
"138","GCGACGATCTTCCGCATGGA","CAGCATCCAGGTGGCGACGATCTTCCGCATGGACGGCAGGACCTCCTTCTGCACACATTT",33
"139","AACCAGCCCAGCAATTTGCA","CAAGGAACCCAAGAACCAGCCCAGCAATTTGCAAGGGATAAAATGCCATTGCCTTTACTT",33
"140","ACCAGCCCAGCAATTTGCAA","AAGGAACCCAAGAACCAGCCCAGCAATTTGCAAGGGATAAAATGCCATTGCCTTTACTTT",33
"141","TTAGCATTCATGCAGATACC","GGTCTGGTTAAAGTTAGCATTCATGCAGATACCAGGTCCAGTCTGTGACGTGGCAGGGCT",33
"142","GACACGCCTGTTTGGGCTGG","GCACAGTACCTGTGACACGCCTGTTTGGGCTGGCGGCTGCCCCATGCCCACACTCATCGC",33
"143","ACTTACCATATTTGGCACGT","AGGGCCAAGGGTAACTTACCATATTTGGCACGTTGGTGACTGAAGTATTCTTGATATCTG",33
"144","GGAGATGATGACGATCTGCG","CGTCCTGCGCGGCGGAGATGATGACGATCTGCGAGGAGTCGAGCAGCCGCAGCGCGCCGG",33
"145","GCGTCGGCGGACGGCTTGAG","CACACCACAGTGGGCGTCGGCGGACGGCTTGAGGGGTTGACCCAGGACCTCCGACAGCTG",33
"146","GCAGCAGGTCAGGGTCGCAG","GGTGTGGCGAAGAGCAGCAGGTCAGGGTCGCAGGGGCCGGCGGCGGGCGCCGCGGGGCCG",33
"147","TGGTGGCCCAGGTCAAGTCA","TCAATATGGGAGTTGGTGGCCCAGGTCAAGTCATGGCCAGCCAGGCCCAACAGAGCAGTC",33
"148","CTCGACAAATCATTTCACAC","CACTGTGCATCTTCTCGACAAATCATTTCACACTGGAAGAATTGTACAAGACATGATTGT",33
"149","CCATACTCCCCCAAGCATAG","CCCCCACCCCTCACCATACTCCCCCAAGCATAGGGGCTCAGCAGCCACCAGCAACAACAA",33
"150","ATACGAGGCCCATAGCCCAT","GGAAGGCTGTTGCATACGAGGCCCATAGCCCATAGGCTGAAAAAAAAAAAAAACACAAAT",33
"151","CCAGTAAATCAGCCTGCCAT","TATGATGAACAGTCCAGTAAATCAGCCTGCCATGGGAATGAACACAGGGATGAATGCGGG",33
"152","ACGCCGCAGCCTCAGACCCG","CCGTTGGAGCCGAACGCCGCAGCCTCAGACCCGGGGCCGTAGGGGAGGCCGGTCTGACCG",33
"153","TACCTGGAGAACGAGCCCAG","GCAGGTGCCCTACTACCTGGAGAACGAGCCCAGCGGCTACACGGTGCGCGAGGCCGGCCC",33
"154","TTATGGAGTCTGGTCCTGTG","CTTCAGGCTACCATTATGGAGTCTGGTCCTGTGAGGGCTGCAAGGCCTTCTTCAAGAGAA",33
"155","CAGCGGCTACACGGTGCGCG","TGGAGAACGAGCCCAGCGGCTACACGGTGCGCGAGGCCGGCCCGCCGGCATTCTACAGGT",33
"156","TCCAGATTCCCGAACCTCGA","GGCATCTGTACAGTCCAGATTCCCGAACCTCGAGGGTGTTTCCTGGGGTCAGGGTCAACT",33
"157","AAGAAAAGAGCAAGCGCACA","TCTTTCTCACCTGAAGAAAAGAGCAAGCGCACAGGGTTACTTCGTGGGGAGCCCCGGGCC",33
"158","GTCCAGATTCCCGAACCTCG","TGGCATCTGTACAGTCCAGATTCCCGAACCTCGAGGGTGTTTCCTGGGGTCAGGGTCAAC",33
"159","GACCCCAGGAAACACCCTCG","AAAAGTTGACCCTGACCCCAGGAAACACCCTCGAGGTTCGGGAATCTGGACTGTACAGAT",33
"160","CAGCTACTACGCAGACACGC","CCAGCGACTGGAACAGCTACTACGCAGACACGCAGGAGGTGAGAGGCAAGGCGAGGCGGG",33
"161","CATGTTGCTGACCGGGACGG","CCAGGCCTGAGTTCATGTTGCTGACCGGGACGGAGGAGTAGGCCTGGAGTGGAGACAGCG",33
"162","GAATGGCCTGGGCCCCTACG","AGGCGGCCTCCATGAATGGCCTGGGCCCCTACGCGGCCGCCATGAACCCGTGCATGAGCC",33
"163","CTATGCCAACCCGGGCCTAG","CCTTCAACATGTCCTATGCCAACCCGGGCCTAGGGGCCGGCCTGAGTCCCGGCGCAGTAG",33
"164","TCCCTACCCTGGCTGGACGG","TCTGCTTCATGGATCCCTACCCTGGCTGGACGGCGGCAAAGCCCTGGGCAGCCACCACAC",33
"165","ACTCACCGTGGTGGGTCGGA","GCACCCCGGGCGCACTCACCGTGGTGGGTCGGAGGGTACCTCTGCACCGTGGCCCTGACC",33
"166","CGGAGGGTACCTCTGCACCG","CACCGTGGTGGGTCGGAGGGTACCTCTGCACCGTGGCCCTGACCGAGTTTCCGTAGTAGG",33
"167","CCATCCACCACGGCTCCCCG","TTCTCCAAGACGTCCATCCACCACGGCTCCCCGGGGCCCCTCTCCGTCTACCCCCCGGCC",33
"168","CGGTCAGGGCCACGGTGCAG","TACTACGGAAACTCGGTCAGGGCCACGGTGCAGAGGTACCCTCCGACCCACCACGGTGAG",33
"169","GTGCGGAGCTTCAGCATGGA","AGCGTCCAACATTGTGCGGAGCTTCAGCATGGAAGGTAGGGTCTCCGCTTGCACCATGCG",33
"170","GACCCCTCTCATGACCTGAA","TCAAAATCACGTGGACCCCTCTCATGACCTGAAAGGAAGCGTGGTCATTTATGATGTTCT",33
"171","GCGCAGCCTTAACCTGAGTG","AGGTGGATTTCCTGCGCAGCCTTAACCTGAGTGGGGTCCCTTCGCAGGACAAAACCAGGG",33
"172","CTCCGCACAATGTTGGACGC","TTCCATGCTGAAGCTCCGCACAATGTTGGACGCTGGCGTAGTCGACTTATCGGACGTGTA",33
"173","GCGGCCTCTCTGAAGCCCGA","CTCCTGCAGGACAGCGGCCTCTCTGAAGCCCGACGGCCGCTGGGTGCGCGTGGCCGCCAG",33
"174","GCGGCCGTCGGGCTTCAGAG","CCACGCGCACCCAGCGGCCGTCGGGCTTCAGAGAGGCCGCTGTCCTGCAGGAGATCCGAG",33
"175","TTGGACACCAGGAAGATGCG","GGCCGGCGAGAGGTTGGACACCAGGAAGATGCGAGGGTCAGCCACGCCGGCCTCCCGCAG",33
"176","GGTCCCAGAGGGTCACGTCA","CCGGCTCCTGGCAGGTCCCAGAGGGTCACGTCAGGGAACTGTGGGTGTGGATAGGGCGAC",33
"177","TGGACACCAGGAAGATGCGA","GCCGGCGAGAGGTTGGACACCAGGAAGATGCGAGGGTCAGCCACGCCGGCCTCCCGCAGC",33
"178","GCAATAGGCAAGTGGTCAAG","CAGGTTGGACGGGGCAATAGGCAAGTGGTCAAGTGGTGAGCCGGTCTTAATTCTGCTATC",33
"179","GTGTACAGAAGTAGGCAAGC","AGGGCCAGTCTCCGTGTACAGAAGTAGGCAAGCCGGCGGGACAGGTATGCAGACTGAACA",33
"180","TGGTCGGCATCGTGCTATGG","GCTGCAAGCGTTCTGGTCGGCATCGTGCTATGGTGGTAGCCAAGCTCCTGGAGAAGAGAC",33
"181","GAGGCACAATAGGAGCAAGC","TCTCCAGGATTCAGAGGCACAATAGGAGCAAGCTGGTCTGTAGAGGGGGGGAATGAGGGG",33
"182","GTGAATGACTCCCTGGTGTG","TTTTCAGCACCCTGTGAATGACTCCCTGGTGTGTGGTGAGTTGTGTGGGTGGCTAACACC",33
"183","GGGTTGTGATGAGTTCTGGA","ACACAGGAGAAGAGGGTTGTGATGAGTTCTGGAGGGCATCAACATTTGGTCAGCTGTTTG",33
"184","ACATTGCAGAAGGCTCTCAA","CAGCTGTTTGGAGACATTGCAGAAGGCTCTCAAAGGTTTGTGAACACTTTTGAAATATGC",33
"185","CACGTCAGATATGTTCTATG","CTGAATGTTACATCACGTCAGATATGTTCTATGTGGAAGTGCAGTTAGATCCTGCAGGAC",33
"186","TGAGGGTGTTATAGGCCACT","ACACAGCTTCCAATGAGGGTGTTATAGGCCACTTGGTGTCTGATCAGATTTAGGATAAGA",33
"187","CAGACAACGAGTCTGTCTGA","ATCCCTCCTGACCCAGACAACGAGTCTGTCTGAAGGACTTCCCGTCATTTTATAGAAAAA",33
"188","GATTTTACCACGAGCAGTCA","CTGCATGCTTTGGGATTTTACCACGAGCAGTCAAGGACGGACCGGGATGATTATGTGAAC",33
"189","CATAATCATAGGGTGTATTG","TGCATCAAAGACTCATAATCATAGGGTGTATTGAGGTCTGTGATTAAGCTATCATCATAG",33
"190","TTACCGGTACAGCTGCTATG","AGCAGGACTCGACTTACCGGTACAGCTGCTATGTGGGCAAAAAGCAAGGTAAAAAAGAGA",33
"191","GTTCCGTCTCAAGTCCTGTG","ATGCCTTTGAGATGTTCCGTCTCAAGTCCTGTGTGGATTTCAAGCCCTATGAAGGAGAGA",33
"192","GCGCAGGAAAGGCATGACAA","GGATGAGCATCTTGCGCAGGAAAGGCATGACAAAGGCAGGGTTCATGCTACTGAGTCGGC",33
"193","TGCATTGGCTAGTGGACCAG","GTGGCCAAGGGGATGCATTGGCTAGTGGACCAGTGGAAACAGGACCCATGAAGAAACTGC",33
"194","AAAGTAGGGTACTTCCTGTA","TAGCACCTCAAGCAAAGTAGGGTACTTCCTGTAGGGCTCTACTACATAGCCAGTGCTGGC",33
"195","AAGGTCGGAATGCAGCCAAG","CCTGTGAAGGCAGAAGGTCGGAATGCAGCCAAGCGGGGCAACAAATTAAGGATTGTCATT",33
"196","TTGTCTCCCCGAAGGGAGAA","GCCACCGCCGTCGTTGTCTCCCCGAAGGGAGAAGGGTGTGACCGCAACGTAGGAGGGCGA",33
"197","GTCACACCCTTCTCCCTTCG","CTCCTACGTTGCGGTCACACCCTTCTCCCTTCGGGGAGACAACGACGGCGGTGGCGGGAG",33
"198","CGAGGGGTCGATGCACTCTG","AGGGGAAGACCACCGAGGGGTCGATGCACTCTGAGGCGGCGGCGCTCAGATCCTGCAGGT",33
"199","CGGTGGCGGGAGCTTCTCCA","GAGACAACGACGGCGGTGGCGGGAGCTTCTCCACGGCCGACCAGCTGGAGATGGTGACCG",33
"200","TTTGCGCGCAGCCTGGTAGG","GGCTGCCGCTGTCTTTGCGCGCAGCCTGGTAGGAGGCCAGCTTCTCTGAGACGAGCTTGG",33
"201","ATGAGTATGTCGCCAAACCA","TTCGGTAGGCGGCATGAGTATGTCGCCAAACCAAGGCTTACAGATGCCGAGCAGCAGGGC",33
"202","GGATGCAACAGTTCGGTAGG","ACCACCTATGGCTGGATGCAACAGTTCGGTAGGCGGCATGAGTATGTCGCCAAACCAAGG",33
"203","TGGTCGCAATAAAAGCCCAG","CTCCACTGGATTTTGGTCGCAATAAAAGCCCAGAGGACTCTTGGAATCCTGATTGCTTAC",33
"204","CTTTACAACTTGAATCTAGG","CTAACAGAAGATTCTTTACAACTTGAATCTAGGGGGGAGTTGGTCAAGGAGGAATGACCC",33
"205","CCTTCCTCCATCATAGCTCG","GCTCTTACCTTCCCCTTCCTCCATCATAGCTCGTGGCTGAGACAGGGCAAAGCACTGCAT",33
"206","GAGACTATGCTGAGTCTGTG","ATTTATTTTTACAGAGACTATGCTGAGTCTGTGGGGCGGAAGGTGCGAGACCTGGGCATG",33
"207","GGGTACTTTACCTTCGTGTG","ACTCACGGCTTCAGGGTACTTTACCTTCGTGTGGGGCTGGGTCTTGATGGAGCCGTATTC",33
"208","TCGTGATCTAAGAGACTCTA","ATCTTAGAGACTTTCGTGATCTAAGAGACTCTAGGGATTTTCGAGATCAGCGAGACCCCA",33
"209","ACTCCCGAGATCCTATGTAC","AGAGACATGAGAGACTCCCGAGATCCTATGTACAGGTACATACGTAGTTACTCTGCTTGT",33
"210","TGCAATAGTCATCCATTCGT","TCATCCTTTCTCCTGCAATAGTCATCCATTCGTAGGTATCGGTCATAAGAGCCTTCTCTC",33
"211","CCCATGAAGTTCCTTCAAGG","TGCCATCGTCTACCCCATGAAGTTCCTTCAAGGAGGTGAGCTGGCTTTACCAGGTGCTCT",33
"212","CTGAGCAATTGATAACTCTG","TGTTTCTTGCAGACTGAGCAATTGATAACTCTGTGGGTCCTCTTTGTTTTTACCATTGTT",33
"213","GCTGAGGGACACCAGGACGT","GGTATCTGTCTATGCTGAGGGACACCAGGACGTAGGTAGAGGCGTAGAGCAGCACAACCT",33
"214","TCATGGGGTAGACGATGGCA","CCTTGAAGGAACTTCATGGGGTAGACGATGGCATGGTATCTGTCTATGCTGAGGGACACC",33
"215","TGAGCAATTGATAACTCTGT","GTTTCTTGCAGACTGAGCAATTGATAACTCTGTGGGTCCTCTTTGTTTTTACCATTGTTG",33
"216","AGTTGCGTCCGTCAGGCCAG","TCAGTGACCAAGAAGTTGCGTCCGTCAGGCCAGCGGGTCAGCGAAATGCCCAGCCGCTGG",33
"217","CAGCATCGTCTGCGGCAAGT","CGCTCAACGCAGTCAGCATCGTCTGCGGCAAGTCGGTCGGTGAGTCCCGGACCGCGGGGG",33
"218","CGAAATGCCCAGCCGCTGGG","GCCAGCGGGTCAGCGAAATGCCCAGCCGCTGGGAGGCCAGGACGTGGGCGTCGGGGGGCA",33
"219","AGAGCAGGACAGCGGCCCGG","CTGAGGAGGACCCAGAGCAGGACAGCGGCCCGGAGGACCTGCCTCTCGTCAGGTGAGCGA",33
"220","TCACCTCGAACACCCAGGCG","ACCCATTAATGGTTCACCTCGAACACCCAGGCGAGGTCAGAACAGGAGTGCACGGATAGC",33
"221","AAGTGAACGACATCTCATCT","TGTAGCTCAGTAAAAGTGAACGACATCTCATCTAGGTCAACTGCTGCAATAAAGATACAG",33
"222","AAGGTGATCCACGTGGAGAG","CGACCTCCCGGTGAAGGTGATCCACGTGGAGAGTGGGAAGATCCTCACAGGCACAGATGC",33
"223","GCCAACGCTACCTCCACCCT","TGCAGCAGCAGATGCCAACGCTACCTCCACCCTCGGTGTCCGCAACAGGACCCGGCCCTG",33
"224","TCCACAGGGTCGAGGCCCCG","CTCCTGCAGGATCTCCACAGGGTCGAGGCCCCGCGGCTTCTGGATGGGGGTGATGCGGCT",33
"225","AGGTGATCCACGTGGAGAGT","GACCTCCCGGTGAAGGTGATCCACGTGGAGAGTGGGAAGATCCTCACAGGCACAGATGCC",33
"226","CAGCTGGTTCTGGTTAAATG","CTCTGAGCTGGTGCAGCTGGTTCTGGTTAAATGGGGTTGGGCCCCGGTTCTGCTGCCCCA",33
"227","TCCTTGGCTTTGATGTACTG","GTGGGAGGTGTTCTCCTTGGCTTTGATGTACTGAGGCCGCTTCTGGTTCAATTCTGAGTC",33
"228","CTCACCTCCAGGTAGTCAAG","ATCCCCAACAAGCCTCACCTCCAGGTAGTCAAGAGGCAAGAAGGTCTCAGGCTCCCCACG",33
"229","AGATTATCGGACCATTTCAG","TACAAGGGTCGACAGATTATCGGACCATTTCAGAGGTTCACCGCCATCATTGGACCCAAT",33
"230","ATTGTGGACTCGGAGAAGAC","CATGGATGCCATTATTGTGGACTCGGAGAAGACAGGCCGGGACTGTATTCAGTATATCAA",33
"231","GACATTTCCAGGATGTTAGG","CTTAATCTCTTGTGACATTTCCAGGATGTTAGGTGGGTGCGCTAAGGTGGACATTTTCTT",33
"232","ACATTTCCAGGATGTTAGGT","TTAATCTCTTGTGACATTTCCAGGATGTTAGGTGGGTGCGCTAAGGTGGACATTTTCTTG",33
"233","CAGTGTTTAGATGTCTGGAG","CTTCGTCAAGCAACAGTGTTTAGATGTCTGGAGAGGTATTCAGAGGCTGCCCGGTATGTT",33
"234","ACAGTTCAGAACAGCACTTG","CCTTGGCAGCAGGACAGTTCAGAACAGCACTTGAGGTATGGGATTAAAGAAAATATAGAT",33
"235","GGAGCAGCAATGGGAATCCG","GATCGCCACGACGGGAGCAGCAATGGGAATCCGCGGGTCCCCCACCTCTCCTCCGCCGGG",33
"236","GATATTCGGCGACTCCAGTG","TAGGGTGGCGGCTGATATTCGGCGACTCCAGTGTGGGAGAGGGGTGGCGCGGGGCTGTAG",33
"237","TCTGAACCTCCCCTGTCAGA","TGACCAAGAACCCTCTGAACCTCCCCTGTCAGAAGGAGCTGGTGGGGGCCGTAATGAACC",33
"238","TCGACGCTAGGATCTGACTG","ACTCAGAGGGGGCTCGACGCTAGGATCTGACTGCGGCTCCTCCATGGCAGTGACCCGGAA",33
"239","CCCCGGACGATATTGAACAA","GATTTGATGCTGTCCCCGGACGATATTGAACAATGGTTCACTGAAGACCCAGGTCCAGAT",33
"240","GCCAGAGGCTGCTCCCCCCG","AAGCTCCCAGAATGCCAGAGGCTGCTCCCCCCGTGGCCCCTGCACCAGCAGCTCCTACAC",33
"241","ATTGCCCCCCTCCAAACACG","GAATACGGCTCTGATTGCCCCCCTCCAAACACGAGGTAGTTTTCCAGCTCCTTCCAGGGC",33
"242","CAGGACGGTACTTACGTCTG","CCAGAGAAAATGACAGGACGGTACTTACGTCTGGGGCTGTGAAGGGTCGTCACCCAGGGT",33
"243","GGTCTGCAGGAGTCCAAACG","CGAGGGCGCCGTTGGTCTGCAGGAGTCCAAACGTGGTGTTGAAGAGGTACAGTGGCACCA",33
"244","GCTGAGCCTGCACACCAAAG","GATTTGGGGTGCAGCTGAGCCTGCACACCAAAGTGGGCATGCATTGCTCTGGGTGAGTGT",33
"245","GATCAGACAGTCATTCGCAA","CCTGTTGCTGCACGATCAGACAGTCATTCGCAAAGGTAAATAGCAAGGTGGCATCGTCTA",33
"246","TCAGCCACGAGCTATGATGG","GCTTTGCCCTGTCTCAGCCACGAGCTATGATGGAGGAAGGGGAAGGTAAGAGCTATTATA",33
"247","TTTGGACTCCCACGATTACG","ATGTGAGGCTATCTTTGGACTCCCACGATTACGAGGAGAAATCATGATATTCTGCTGGTT",33
"248","CAACGAGAATCGATATACTG","TAGTTCCATCAGCCAACGAGAATCGATATACTGGGGTTTCTGCATGGCCATTAAGATAAG",33
"249","TGGGTTGCTTTGGTAACATG","TTCCCACCCAACATGGGTTGCTTTGGTAACATGGGGAAAGCACTGATATTTTTTACTGGA",33
"250","GGTGATGGCCTGGACAACCA","ACTTGAAGATGAAGGTGATGGCCTGGACAACCATGGTGTGATGATGAGAGAGTGACTGGT",33
"251","CAGCATCGGATGCTTAGGAG","TCCTTTGATTTACCAGCATCGGATGCTTAGGAGTGGCCAAGGGGATGCATTGGCTAGTGG",33
"252","GTGAAGGGGGTAATGTGACG","AGCCTGGAAACTGGTGAAGGGGGTAATGTGACGAGGTTTTGTTCCGAAGCCCATGAGATC",33
"253","AGGCGCCAGAGGGGTCCTTG","GCGCTGGGGTTAGAGGCGCCAGAGGGGTCCTTGCGGCTCTCAGGGCCGCCCTTGGCGCCG",33
"254","GTCCGGGTGCAGCGTCCAGT","ACATGTTGCCGGAGTCCGGGTGCAGCGTCCAGTAGGAGCCCTTGCCCGGCTTGTCCGGGG",33
"255","TGGACGGCGCGTACGCCATG","CTGCGGCCCAGGTTGGACGGCGCGTACGCCATGGGGCTCATGCACGGGTTCATGGCGGCC",33
"256","ATAGGGCGACGGTTGCATCG","ACTGTGGGTGTGGATAGGGCGACGGTTGCATCGTGGTCTCCATGACGCCCGTGAGAGCCG",33
"257","GAGCAACGCATCATCGTAGG","GCAGTGAGTGGATGAGCAACGCATCATCGTAGGCGGCCGCCAGCCCTGGGACCGGCAGGG",33
"258","TCCGAGACCACTGTGCCGAG","GTCCTGCAGGAGATCCGAGACCACTGTGCCGAGCGGCTGCGGGAGGCCGGCGTGGCTGAC",33
"259","CCAGCGTGGGAAAGTCGTAG","TCCCAGGTGGACACCAGCGTGGGAAAGTCGTAGCGGGCCGGCGAGAGGTTGGACACCAGG",33
"260","GGCTCCAGGCGATCACAATG","AACAGAAAAGACAGGCTCCAGGCGATCACAATGAGGACCCTGGCTTGCTTTTCTGCCCAA",33
"261","CATGGTATCTGTCTATGCTG","GGGTAGACGATGGCATGGTATCTGTCTATGCTGAGGGACACCAGGACGTAGGTAGAGGCG",33
"262","TGTTTCAGTGCAAGCCACTG","CAGTAAAAGTCACTGTTTCAGTGCAAGCCACTGGGGAAGAATCCAGCGTCTGCCCGGTCC",33
"263","ATGCAACAGAGAAAACAACA","GGATTTCAGTTCTATGCAACAGAGAAAACAACATGGTATCATCGGCACTACTGGGGAGAA",33
"264","CTGCACATGGATCTGTAGCG","TCCAACACTCACGCTGCACATGGATCTGTAGCGAGGGACTGTGCTTGTGGATGTTACCCC",33
"265","GCGCACAGGGTTACTTCGTG","AAGAAAAGAGCAAGCGCACAGGGTTACTTCGTGGGGAGCCCCGGGCCTGGCATCTGTACA",33
"266","CAGACGAGGAACCGTAGATG","GCGTTGAGCGCCCCAGACGAGGAACCGTAGATGCGGCGGGCGCCCTGGAGGAGGCGCGGG",33
"267","GGAACCAGTGCTATGGACGC","CAGGACTCACCAAGGAACCAGTGCTATGGACGCTGGTGTCTAAGGAACCCCCAGCCCCGG",33
"268","CTTCGGGGAGACAACGACGG","CACACCCTTCTCCCTTCGGGGAGACAACGACGGCGGTGGCGGGAGCTTCTCCACGGCCGA",33
"269","CTGCGGGGAGGACTCCGTCG","GCTCGGGGCTGCCCTGCGGGGAGGACTCCGTCGAGGAGAGCAGAGAATCCGAGGACGGAG",33
"270","GCTGCACCGAGTCGTAGTCG","CAGTAGAAATACGGCTGCACCGAGTCGTAGTCGAGGTCATAGTTCCTGTTGGTGAAGCTA",33
"271","GTGGCGTACTGCACGTGTCG","GATGGGAAAATGGGTGGCGTACTGCACGTGTCGTGGCTGGTCGTAAAGAACCCCAAGGGT",33
"272","TTCACATTATGACCAACACC","AGTTCCAGCACCTTTCACATTATGACCAACACCAGGTCACGGCTCAGGTGTGGGCCTAAG",33
"273","ACATCGACTGCTGGACAATG","TCATTTGCTATCCACATCGACTGCTGGACAATGAGGATGGGGAAAACCCCCAGCGGCAGC",33
"274","GAGCGCTGCTCAGATAGCGA","CTGCCCCCACCATGAGCGCTGCTCAGATAGCGATGGTGAGCAGCTGGGGCTGGAGAGACG",33
"275","GGTGCCCTATGAGCCGCCTG","GACATAGTGTGGTGGTGCCCTATGAGCCGCCTGAGGTCTGGTTTGCAACTGGGGTCTCTG",33
"276","GATCCACTCACAGTTTCCAT","TGCCCTTCCAATGGATCCACTCACAGTTTCCATAGGTCTGAAAATGTTTCCTGACTCAGA",33
"277","GCCTTGGAGGATGTTAGCAG","GTCACTGTCACAAGCCTTGGAGGATGTTAGCAGGGGAGGTTCTCCTTTTGCTATTGTCAT",33
"278","TTCTGACTCTGTACCTTGCG","ACTACCTCCGGTATTCTGACTCTGTACCTTGCGGGGTTCCAAACATGATGTTGACTGTGC",33
"279","TCAGATAATCGACGCCAGGG","CCCCAGGCCAAATTCAGATAATCGACGCCAGGGTGGCAGAGAAAGATTGGCCAGTACCAA",33
"280","TACTCGGAATAGAGTATCGG","TCTGGTAGGATCATACTCGGAATAGAGTATCGGGGGCTCAGCATCCAACAAGGCACTGAC",33
"281","TCCAGGTACACCTCGCCCAG","GGGCTTGCTGCTGTCCAGGTACACCTCGCCCAGGGGCCGCTCCAGGGGGATCTTGAGCTG",33
"282","GGTACGACTAGGTACAGGCG","GGTGAGGGGTGGGGGTACGACTAGGTACAGGCGAGGGTGAATTCTGATGAAGAGCTGGTT",33
"283","ATGGTGAACCATAAGGATTG","GGATTCTGAGTATATGGTGAACCATAAGGATTGGGGTTGTTCATCATTCCCATCTAAGAG",33
"284","GTGGCACGAAGATATTACTC","GAATTCGGAAACAGTGGCACGAAGATATTACTCAGGATCTTCGAAATCATCTTGTTCACA",33
"285","CTGTAATAAGTGGCATCACG","CCTGTTCTGGTAACTGTAATAAGTGGCATCACGAGGTATTGTGCACAACTGTTTGCCGTA",33
"286","GGTTCTTTGAGCAACATGGG","ATACTTACTATATGGTTCTTTGAGCAACATGGGAGGTGAGAGTTTAATAAAATAGTCAAG",33
"287","TGAACTACTTACGAACTGCT","AAATAACATTCTGTGAACTACTTACGAACTGCTGGGTTGTGTCAAATATATAAGTTCACA",33
"288","AAACAATCAAAGGACCGAGA","ATTTGATCTTATTAAACAATCAAAGGACCGAGAAGGACCAACTGATCACCTTGAATCTGC",33
"289","CCAGTAATAGTACTCTCTCG","GAAGGCAATGGCACCAGTAATAGTACTCTCTCGGGGCCCGGATTAGACAGCAAACCAGGG",33
"290","GAGCTTGAAGAATCTCGAAG","CTGAGAATGCCCAGAGCTTGAAGAATCTCGAAGAGGGGTGCCAATGGCTGGGCAATCATC",33
"291","GAAGGTTATACAGATTAACA","TACTTGTCCCCTGGAAGGTTATACAGATTAACAAGGCCCTTAAGGTGCTTAGAAAATTCA",33
"292","AAGGTCCTGACACGTCACGT","CTGCAATGCTACGAAGGTCCTGACACGTCACGTAGGCCAGGGTTGGCAGAGTCAAGGACC",33
"293","CACAGGTGTGAAATCCCCGG","CTGACCACACCCCCACAGGTGTGAAATCCCCGGGGGAGAAGTCACGCTATGAGACCTCAC",33
"294","CTGGATGCCCTCAAGGACGT","TCTTGGCAATGAGCTGGATGCCCTCAAGGACGTTGGTGATGTCATAGATGCGCCGCTTCT",33
"295","TCTGGATGGAACAGATGCCT","TCATTTATGATGTTCTGGATGGAACAGATGCCTGGGATAGTGCTACAGAGACCAAGACCT",33
"296","TACAGGTCAATCATGTACTG","CGTGTACCTGTTGTACAGGTCAATCATGTACTGCGGCGGCTCCACCCTGGTTTTGTCCTG",33
"297","TCTCCAATGACCACAGCAGT","TTCTTTGTTGTCTTCTCCAATGACCACAGCAGTGGGACCAAGGAGACCAGGCTGGAGCTG",33
"298","TCCAAGACGTCCATCCACCA","TCTCAGCCCCTTCTCCAAGACGTCCATCCACCACGGCTCCCCGGGGCCCCTCTCCGTCTA",33
"299","AGGTACCCTCCGACCCACCA","GGCCACGGTGCAGAGGTACCCTCCGACCCACCACGGTGAGTGCGCCCGGGGTGCCGGGGC",33
"300","GGAGCTGTACTCGGGCACGT","GGGGGAAGAGTCCGGAGCTGTACTCGGGCACGTAGGGCGGGTAGGTGGTGATGGGGTGGT",33
"301","CAGGGAGTGTGTGAACTGTG","TGTTTCCAGAAGGCAGGGAGTGTGTGAACTGTGGGGCAACCTCGACCCCACTGTGGCGGC",33
"302","TTGCCCGTGTCATTGTAGGT","GAGGACCGTACCTTTGCCCGTGTCATTGTAGGTGGGTGAGGCTGGCCAGAAAGCTCTCCT",33
"303","CTCTTGATATCATTAATGCG","GCTCTGAATGATCCTCTTGATATCATTAATGCGAGGCCCAAAGTTGGCTAGCTCACTCTC",33
"304","TCAGGGCAGAGATTTGACGT","AAGAGAGTCAGAGTCAGGGCAGAGATTTGACGTTGGAGGAGAATCAGGTAAGCTCTGGAA",33
"305","GAATTGCATCCGACAAGCCA","AAGGGCTCTGGATGAATTGCATCCGACAAGCCAGGGTCCGGTTGCAATGCAAGTTCTATA",33
"306","AAAGCTGATACTCTCCACTG","GTTGCTGCCAACAAAAGCTGATACTCTCCACTGAGGCAGAAGGGTTGTGGCAAGAGTCCC",33
"307","AATCCACACAGGACTTGAGA","TCATAGGGCTTGAAATCCACACAGGACTTGAGACGGAACATCTCAAAGGCATACAGAATG",33
"308","CCCTCGATTCTACAATTCGG","ACAAGCTTCAGAGCCCTCGATTCTACAATTCGGAGGGATATGGTTTTGGGGTAACTTTAT",33
"309","TCAGTGCCATTGATTTAGAG","CAGCGCCTGGATTTCAGTGCCATTGATTTAGAGAGGCTGAACCGAATGTACAATTGCAGT",33
"310","AAGAATCCGAGACTCCAGTA","TCCTCTTTGGGTAAAGAATCCGAGACTCCAGTAGGGCTGCCTCTTCCGCGGACCCCGAGC",33
"311","TCTTAGGGGAAAAAGGTCCG","ATATTTGGGTTTTTCTTAGGGGAAAAAGGTCCGAGGCCTTGTGCTAATCAACCCTCAGAA",33
"312","TCCCACGGATGGATAGGTCG","ACAGAGATGTCAATCCCACGGATGGATAGGTCGCGGTTGACAAAGGCAGCTTCACAATCA",33
"313","AAGTGACATGAACTGCATTG","AACAGTTGCAAGAAAGTGACATGAACTGCATTGAGGACACCTTGCTTCAGTACCCTGATT",33
"314","GATGACCAGTCAACTGTCTG","TTGGGGAGGAAAAGATGACCAGTCAACTGTCTGAGGCAACATGTGGAGTGCTTGAAGATC",33
"315","TTCCTCTTAGGCCATGATTG","ATGGGTTGTTTGTTTCCTCTTAGGCCATGATTGAGGAAGCCATCACCAGAGCTGAATCTT",33
"316","TCTTCAGCAGGTGCATCAAA","CACGCTTGCTATATCTTCAGCAGGTGCATCAAATGGTTCTCCCAGAACTGCTCCTTTGCT",33
"317","GTGTTCAATGAAATCGTGCG","TTTTGGAGAGGAAGTGTTCAATGAAATCGTGCGGGGTCATTGCGGCCAGGTTCCACTTGA",33
"318","AGAGGCCACGAACATGCAAG","TCTCCTTCATCTTAGAGGCCACGAACATGCAAGTGGCCCCCAGCAGCTGCAGGCGGCTCT",33
"319","CCTGCACTCGGAGAAGAACG","CAGCCCTGGACTACCTGCACTCGGAGAAGAACGTGGTGTACCGGGACCTCAAGGTGCGCT",33
"320","TGTTGAGGGGAGCCTCACGT","GCCACAGAGAAGTTGTTGAGGGGAGCCTCACGTTGGTCCACATCCTGCGGCCGCTCCTTG",33
"321","TGTCATGGAGTACGCCAACG","ACCGCCTCTGCTTTGTCATGGAGTACGCCAACGGGGGCGAGGTAGGGGCTGGGGCTGCGG",33
"322","TAGAGCTGTTCATCCGTGAA","GAACTGCTCCATGTAGAGCTGTTCATCCGTGAAGGGTGCAAGGTGGACGTCACCAATGGT",33
"323","TCGCGTCGCCGATGGTGAGG","TGGATCTCGCCGTTCGCGTCGCCGATGGTGAGGAGGCGGGCGCCGGGGAACACCGACACG",33
"324","TTGAAGAGCATGTAGCCCAT","CAGCATGCGCTCGTTGAAGAGCATGTAGCCCATGGGCTCCGAGATGATGATGTCCACCTG",33
"325","GGGCGTACGAGTTTGACAAG","ACGCTGTCCAACTGGGCGTACGAGTTTGACAAGTGGGCCCCCTCCGTGGTGAAGGTGTCT",33
"326","GCAGCAGACAGACGAGTACG","TGGCCTACCTCTTGCAGCAGACAGACGAGTACGTGGCTAACCTCACGGAGCTGGTGCGGC",33
"327","CTAGGTATGAAGTAGCTCCG","CCTTACATTTTTTCTAGGTATGAAGTAGCTCCGAGGTCTGATAGTGAAGAAAGTGGCTCA",33
"328","TGAACACCATCATGCAGCTG","ACCAAGACCCTGATGAACACCATCATGCAGCTGCGGAAGATCTGCAACCACCCCTACATG",33
